date,line,shift,defect_category,produced_qty,defect_qty
2023-01-02,Line 1,Day,Fabric,1075,9
2023-01-02,Line 1,Day,Machine,1075,3
2023-01-02,Line 1,Day,Stitching,1075,4
2023-01-02,Line 1,Day,Operator,1075,3
2023-01-02,Line 1,Night,Fabric,1003,14
2023-01-02,Line 1,Night,Machine,1003,2
2023-01-02,Line 1,Night,Stitching,1003,2
2023-01-02,Line 1,Night,Operator,1003,2
2023-01-02,Line 2,Day,Fabric,942,13
2023-01-02,Line 2,Day,Machine,942,6
2023-01-02,Line 2,Day,Stitching,942,1
2023-01-02,Line 2,Day,Operator,942,3
2023-01-02,Line 2,Night,Fabric,900,12
2023-01-02,Line 2,Night,Machine,900,4
2023-01-02,Line 2,Night,Stitching,900,4
2023-01-02,Line 2,Night,Operator,900,0
2023-01-02,Line 3,Day,Fabric,944,10
2023-01-02,Line 3,Day,Machine,944,2
2023-01-02,Line 3,Day,Stitching,944,1
2023-01-02,Line 3,Day,Operator,944,3
2023-01-02,Line 3,Night,Fabric,1012,5
2023-01-02,Line 3,Night,Machine,1012,4
2023-01-02,Line 3,Night,Stitching,1012,1
2023-01-02,Line 3,Night,Operator,1012,1
2023-01-02,Line 4,Day,Fabric,938,12
2023-01-02,Line 4,Day,Machine,938,14
2023-01-02,Line 4,Day,Stitching,938,11
2023-01-02,Line 4,Day,Operator,938,6
2023-01-02,Line 4,Night,Fabric,1095,16
2023-01-02,Line 4,Night,Machine,1095,8
2023-01-02,Line 4,Night,Stitching,1095,4
2023-01-02,Line 4,Night,Operator,1095,4
2023-01-02,Line 5,Day,Fabric,1092,5
2023-01-02,Line 5,Day,Machine,1092,7
2023-01-02,Line 5,Day,Stitching,1092,5
2023-01-02,Line 5,Day,Operator,1092,0
2023-01-02,Line 5,Night,Fabric,1152,12
2023-01-02,Line 5,Night,Machine,1152,4
2023-01-02,Line 5,Night,Stitching,1152,2
2023-01-02,Line 5,Night,Operator,1152,3
2023-01-02,Line 6,Day,Fabric,1051,12
2023-01-02,Line 6,Day,Machine,1051,2
2023-01-02,Line 6,Day,Stitching,1051,5
2023-01-02,Line 6,Day,Operator,1051,3
2023-01-02,Line 6,Night,Fabric,967,6
2023-01-02,Line 6,Night,Machine,967,5
2023-01-02,Line 6,Night,Stitching,967,4
2023-01-02,Line 6,Night,Operator,967,0
2023-01-02,Line 7,Day,Fabric,1175,6
2023-01-02,Line 7,Day,Machine,1175,5
2023-01-02,Line 7,Day,Stitching,1175,2
2023-01-02,Line 7,Day,Operator,1175,1
2023-01-02,Line 7,Night,Fabric,1030,8
2023-01-02,Line 7,Night,Machine,1030,4
2023-01-02,Line 7,Night,Stitching,1030,3
2023-01-02,Line 7,Night,Operator,1030,1
2023-01-02,Line 8,Day,Fabric,1019,8
2023-01-02,Line 8,Day,Machine,1019,5
2023-01-02,Line 8,Day,Stitching,1019,3
2023-01-02,Line 8,Day,Operator,1019,3
2023-01-02,Line 8,Night,Fabric,1172,14
2023-01-02,Line 8,Night,Machine,1172,3
2023-01-02,Line 8,Night,Stitching,1172,5
2023-01-02,Line 8,Night,Operator,1172,3
2023-01-03,Line 1,Day,Fabric,1010,9
2023-01-03,Line 1,Day,Machine,1010,7
2023-01-03,Line 1,Day,Stitching,1010,5
2023-01-03,Line 1,Day,Operator,1010,3
2023-01-03,Line 1,Night,Fabric,935,5
2023-01-03,Line 1,Night,Machine,935,6
2023-01-03,Line 1,Night,Stitching,935,4
2023-01-03,Line 1,Night,Operator,935,0
2023-01-03,Line 2,Day,Fabric,1150,11
2023-01-03,Line 2,Day,Machine,1150,5
2023-01-03,Line 2,Day,Stitching,1150,3
2023-01-03,Line 2,Day,Operator,1150,3
2023-01-03,Line 2,Night,Fabric,1031,13
2023-01-03,Line 2,Night,Machine,1031,7
2023-01-03,Line 2,Night,Stitching,1031,5
2023-01-03,Line 2,Night,Operator,1031,3
2023-01-03,Line 3,Day,Fabric,1035,6
2023-01-03,Line 3,Day,Machine,1035,4
2023-01-03,Line 3,Day,Stitching,1035,5
2023-01-03,Line 3,Day,Operator,1035,0
2023-01-03,Line 3,Night,Fabric,1069,5
2023-01-03,Line 3,Night,Machine,1069,6
2023-01-03,Line 3,Night,Stitching,1069,3
2023-01-03,Line 3,Night,Operator,1069,0
2023-01-03,Line 4,Day,Fabric,1034,16
2023-01-03,Line 4,Day,Machine,1034,7
2023-01-03,Line 4,Day,Stitching,1034,8
2023-01-03,Line 4,Day,Operator,1034,4
2023-01-03,Line 4,Night,Fabric,1134,9
2023-01-03,Line 4,Night,Machine,1134,10
2023-01-03,Line 4,Night,Stitching,1134,5
2023-01-03,Line 4,Night,Operator,1134,9
2023-01-03,Line 5,Day,Fabric,1005,13
2023-01-03,Line 5,Day,Machine,1005,6
2023-01-03,Line 5,Day,Stitching,1005,2
2023-01-03,Line 5,Day,Operator,1005,3
2023-01-03,Line 5,Night,Fabric,1049,9
2023-01-03,Line 5,Night,Machine,1049,5
2023-01-03,Line 5,Night,Stitching,1049,5
2023-01-03,Line 5,Night,Operator,1049,1
2023-01-03,Line 6,Day,Fabric,1162,13
2023-01-03,Line 6,Day,Machine,1162,3
2023-01-03,Line 6,Day,Stitching,1162,4
2023-01-03,Line 6,Day,Operator,1162,0
2023-01-03,Line 6,Night,Fabric,1147,12
2023-01-03,Line 6,Night,Machine,1147,3
2023-01-03,Line 6,Night,Stitching,1147,5
2023-01-03,Line 6,Night,Operator,1147,0
2023-01-03,Line 7,Day,Fabric,1099,10
2023-01-03,Line 7,Day,Machine,1099,4
2023-01-03,Line 7,Day,Stitching,1099,2
2023-01-03,Line 7,Day,Operator,1099,2
2023-01-03,Line 7,Night,Fabric,1199,7
2023-01-03,Line 7,Night,Machine,1199,6
2023-01-03,Line 7,Night,Stitching,1199,1
2023-01-03,Line 7,Night,Operator,1199,1
2023-01-03,Line 8,Day,Fabric,935,5
2023-01-03,Line 8,Day,Machine,935,7
2023-01-03,Line 8,Day,Stitching,935,2
2023-01-03,Line 8,Day,Operator,935,1
2023-01-03,Line 8,Night,Fabric,1016,14
2023-01-03,Line 8,Night,Machine,1016,4
2023-01-03,Line 8,Night,Stitching,1016,1
2023-01-03,Line 8,Night,Operator,1016,2
2023-01-04,Line 1,Day,Fabric,995,5
2023-01-04,Line 1,Day,Machine,995,4
2023-01-04,Line 1,Day,Stitching,995,2
2023-01-04,Line 1,Day,Operator,995,1
2023-01-04,Line 1,Night,Fabric,1169,10
2023-01-04,Line 1,Night,Machine,1169,5
2023-01-04,Line 1,Night,Stitching,1169,2
2023-01-04,Line 1,Night,Operator,1169,3
2023-01-04,Line 2,Day,Fabric,1108,5
2023-01-04,Line 2,Day,Machine,1108,3
2023-01-04,Line 2,Day,Stitching,1108,2
2023-01-04,Line 2,Day,Operator,1108,2
2023-01-04,Line 2,Night,Fabric,1061,10
2023-01-04,Line 2,Night,Machine,1061,5
2023-01-04,Line 2,Night,Stitching,1061,3
2023-01-04,Line 2,Night,Operator,1061,0
2023-01-04,Line 3,Day,Fabric,1166,9
2023-01-04,Line 3,Day,Machine,1166,4
2023-01-04,Line 3,Day,Stitching,1166,4
2023-01-04,Line 3,Day,Operator,1166,0
2023-01-04,Line 3,Night,Fabric,908,12
2023-01-04,Line 3,Night,Machine,908,3
2023-01-04,Line 3,Night,Stitching,908,5
2023-01-04,Line 3,Night,Operator,908,1
2023-01-04,Line 4,Day,Fabric,1154,11
2023-01-04,Line 4,Day,Machine,1154,11
2023-01-04,Line 4,Day,Stitching,1154,11
2023-01-04,Line 4,Day,Operator,1154,4
2023-01-04,Line 4,Night,Fabric,1043,8
2023-01-04,Line 4,Night,Machine,1043,7
2023-01-04,Line 4,Night,Stitching,1043,11
2023-01-04,Line 4,Night,Operator,1043,3
2023-01-04,Line 5,Day,Fabric,944,14
2023-01-04,Line 5,Day,Machine,944,2
2023-01-04,Line 5,Day,Stitching,944,3
2023-01-04,Line 5,Day,Operator,944,0
2023-01-04,Line 5,Night,Fabric,1027,10
2023-01-04,Line 5,Night,Machine,1027,7
2023-01-04,Line 5,Night,Stitching,1027,1
2023-01-04,Line 5,Night,Operator,1027,1
2023-01-04,Line 6,Day,Fabric,911,5
2023-01-04,Line 6,Day,Machine,911,2
2023-01-04,Line 6,Day,Stitching,911,5
2023-01-04,Line 6,Day,Operator,911,1
2023-01-04,Line 6,Night,Fabric,993,6
2023-01-04,Line 6,Night,Machine,993,7
2023-01-04,Line 6,Night,Stitching,993,3
2023-01-04,Line 6,Night,Operator,993,0
2023-01-04,Line 7,Day,Fabric,1123,12
2023-01-04,Line 7,Day,Machine,1123,6
2023-01-04,Line 7,Day,Stitching,1123,3
2023-01-04,Line 7,Day,Operator,1123,2
2023-01-04,Line 7,Night,Fabric,1076,8
2023-01-04,Line 7,Night,Machine,1076,3
2023-01-04,Line 7,Night,Stitching,1076,1
2023-01-04,Line 7,Night,Operator,1076,3
2023-01-04,Line 8,Day,Fabric,949,5
2023-01-04,Line 8,Day,Machine,949,3
2023-01-04,Line 8,Day,Stitching,949,4
2023-01-04,Line 8,Day,Operator,949,3
2023-01-04,Line 8,Night,Fabric,968,11
2023-01-04,Line 8,Night,Machine,968,7
2023-01-04,Line 8,Night,Stitching,968,4
2023-01-04,Line 8,Night,Operator,968,1
2023-01-05,Line 1,Day,Fabric,961,5
2023-01-05,Line 1,Day,Machine,961,3
2023-01-05,Line 1,Day,Stitching,961,3
2023-01-05,Line 1,Day,Operator,961,2
2023-01-05,Line 1,Night,Fabric,908,9
2023-01-05,Line 1,Night,Machine,908,3
2023-01-05,Line 1,Night,Stitching,908,1
2023-01-05,Line 1,Night,Operator,908,1
2023-01-05,Line 2,Day,Fabric,934,9
2023-01-05,Line 2,Day,Machine,934,6
2023-01-05,Line 2,Day,Stitching,934,5
2023-01-05,Line 2,Day,Operator,934,3
2023-01-05,Line 2,Night,Fabric,1174,13
2023-01-05,Line 2,Night,Machine,1174,7
2023-01-05,Line 2,Night,Stitching,1174,3
2023-01-05,Line 2,Night,Operator,1174,1
2023-01-05,Line 3,Day,Fabric,918,10
2023-01-05,Line 3,Day,Machine,918,7
2023-01-05,Line 3,Day,Stitching,918,1
2023-01-05,Line 3,Day,Operator,918,2
2023-01-05,Line 3,Night,Fabric,1146,9
2023-01-05,Line 3,Night,Machine,1146,7
2023-01-05,Line 3,Night,Stitching,1146,3
2023-01-05,Line 3,Night,Operator,1146,0
2023-01-05,Line 4,Day,Fabric,988,21
2023-01-05,Line 4,Day,Machine,988,12
2023-01-05,Line 4,Day,Stitching,988,4
2023-01-05,Line 4,Day,Operator,988,8
2023-01-05,Line 4,Night,Fabric,1004,21
2023-01-05,Line 4,Night,Machine,1004,14
2023-01-05,Line 4,Night,Stitching,1004,11
2023-01-05,Line 4,Night,Operator,1004,10
2023-01-05,Line 5,Day,Fabric,1106,11
2023-01-05,Line 5,Day,Machine,1106,4
2023-01-05,Line 5,Day,Stitching,1106,2
2023-01-05,Line 5,Day,Operator,1106,2
2023-01-05,Line 5,Night,Fabric,1165,8
2023-01-05,Line 5,Night,Machine,1165,6
2023-01-05,Line 5,Night,Stitching,1165,1
2023-01-05,Line 5,Night,Operator,1165,3
2023-01-05,Line 6,Day,Fabric,1098,9
2023-01-05,Line 6,Day,Machine,1098,2
2023-01-05,Line 6,Day,Stitching,1098,5
2023-01-05,Line 6,Day,Operator,1098,1
2023-01-05,Line 6,Night,Fabric,921,7
2023-01-05,Line 6,Night,Machine,921,5
2023-01-05,Line 6,Night,Stitching,921,4
2023-01-05,Line 6,Night,Operator,921,0
2023-01-05,Line 7,Day,Fabric,1137,12
2023-01-05,Line 7,Day,Machine,1137,7
2023-01-05,Line 7,Day,Stitching,1137,4
2023-01-05,Line 7,Day,Operator,1137,3
2023-01-05,Line 7,Night,Fabric,1127,6
2023-01-05,Line 7,Night,Machine,1127,3
2023-01-05,Line 7,Night,Stitching,1127,1
2023-01-05,Line 7,Night,Operator,1127,0
2023-01-05,Line 8,Day,Fabric,1107,7
2023-01-05,Line 8,Day,Machine,1107,5
2023-01-05,Line 8,Day,Stitching,1107,4
2023-01-05,Line 8,Day,Operator,1107,1
2023-01-05,Line 8,Night,Fabric,1003,5
2023-01-05,Line 8,Night,Machine,1003,2
2023-01-05,Line 8,Night,Stitching,1003,1
2023-01-05,Line 8,Night,Operator,1003,0
2023-01-06,Line 1,Day,Fabric,1077,7
2023-01-06,Line 1,Day,Machine,1077,5
2023-01-06,Line 1,Day,Stitching,1077,5
2023-01-06,Line 1,Day,Operator,1077,0
2023-01-06,Line 1,Night,Fabric,1118,6
2023-01-06,Line 1,Night,Machine,1118,5
2023-01-06,Line 1,Night,Stitching,1118,2
2023-01-06,Line 1,Night,Operator,1118,1
2023-01-06,Line 2,Day,Fabric,1193,11
2023-01-06,Line 2,Day,Machine,1193,2
2023-01-06,Line 2,Day,Stitching,1193,2
2023-01-06,Line 2,Day,Operator,1193,3
2023-01-06,Line 2,Night,Fabric,1111,7
2023-01-06,Line 2,Night,Machine,1111,6
2023-01-06,Line 2,Night,Stitching,1111,3
2023-01-06,Line 2,Night,Operator,1111,3
2023-01-06,Line 3,Day,Fabric,1036,9
2023-01-06,Line 3,Day,Machine,1036,3
2023-01-06,Line 3,Day,Stitching,1036,1
2023-01-06,Line 3,Day,Operator,1036,2
2023-01-06,Line 3,Night,Fabric,1060,7
2023-01-06,Line 3,Night,Machine,1060,6
2023-01-06,Line 3,Night,Stitching,1060,4
2023-01-06,Line 3,Night,Operator,1060,1
2023-01-06,Line 4,Day,Fabric,928,13
2023-01-06,Line 4,Day,Machine,928,9
2023-01-06,Line 4,Day,Stitching,928,10
2023-01-06,Line 4,Day,Operator,928,7
2023-01-06,Line 4,Night,Fabric,1168,10
2023-01-06,Line 4,Night,Machine,1168,9
2023-01-06,Line 4,Night,Stitching,1168,10
2023-01-06,Line 4,Night,Operator,1168,8
2023-01-06,Line 5,Day,Fabric,959,8
2023-01-06,Line 5,Day,Machine,959,7
2023-01-06,Line 5,Day,Stitching,959,3
2023-01-06,Line 5,Day,Operator,959,2
2023-01-06,Line 5,Night,Fabric,1074,9
2023-01-06,Line 5,Night,Machine,1074,5
2023-01-06,Line 5,Night,Stitching,1074,3
2023-01-06,Line 5,Night,Operator,1074,0
2023-01-06,Line 6,Day,Fabric,1193,14
2023-01-06,Line 6,Day,Machine,1193,7
2023-01-06,Line 6,Day,Stitching,1193,1
2023-01-06,Line 6,Day,Operator,1193,3
2023-01-06,Line 6,Night,Fabric,926,10
2023-01-06,Line 6,Night,Machine,926,4
2023-01-06,Line 6,Night,Stitching,926,1
2023-01-06,Line 6,Night,Operator,926,1
2023-01-06,Line 7,Day,Fabric,1190,7
2023-01-06,Line 7,Day,Machine,1190,4
2023-01-06,Line 7,Day,Stitching,1190,5
2023-01-06,Line 7,Day,Operator,1190,3
2023-01-06,Line 7,Night,Fabric,904,13
2023-01-06,Line 7,Night,Machine,904,4
2023-01-06,Line 7,Night,Stitching,904,3
2023-01-06,Line 7,Night,Operator,904,0
2023-01-06,Line 8,Day,Fabric,1158,12
2023-01-06,Line 8,Day,Machine,1158,2
2023-01-06,Line 8,Day,Stitching,1158,3
2023-01-06,Line 8,Day,Operator,1158,0
2023-01-06,Line 8,Night,Fabric,904,5
2023-01-06,Line 8,Night,Machine,904,6
2023-01-06,Line 8,Night,Stitching,904,2
2023-01-06,Line 8,Night,Operator,904,3
2023-01-07,Line 1,Day,Fabric,920,14
2023-01-07,Line 1,Day,Machine,920,2
2023-01-07,Line 1,Day,Stitching,920,2
2023-01-07,Line 1,Day,Operator,920,0
2023-01-07,Line 1,Night,Fabric,1134,11
2023-01-07,Line 1,Night,Machine,1134,4
2023-01-07,Line 1,Night,Stitching,1134,1
2023-01-07,Line 1,Night,Operator,1134,2
2023-01-07,Line 2,Day,Fabric,984,9
2023-01-07,Line 2,Day,Machine,984,3
2023-01-07,Line 2,Day,Stitching,984,3
2023-01-07,Line 2,Day,Operator,984,0
2023-01-07,Line 2,Night,Fabric,1126,8
2023-01-07,Line 2,Night,Machine,1126,6
2023-01-07,Line 2,Night,Stitching,1126,2
2023-01-07,Line 2,Night,Operator,1126,3
2023-01-07,Line 3,Day,Fabric,1073,13
2023-01-07,Line 3,Day,Machine,1073,6
2023-01-07,Line 3,Day,Stitching,1073,5
2023-01-07,Line 3,Day,Operator,1073,3
2023-01-07,Line 3,Night,Fabric,911,10
2023-01-07,Line 3,Night,Machine,911,6
2023-01-07,Line 3,Night,Stitching,911,5
2023-01-07,Line 3,Night,Operator,911,2
2023-01-07,Line 4,Day,Fabric,993,15
2023-01-07,Line 4,Day,Machine,993,14
2023-01-07,Line 4,Day,Stitching,993,10
2023-01-07,Line 4,Day,Operator,993,11
2023-01-07,Line 4,Night,Fabric,1066,18
2023-01-07,Line 4,Night,Machine,1066,6
2023-01-07,Line 4,Night,Stitching,1066,4
2023-01-07,Line 4,Night,Operator,1066,10
2023-01-07,Line 5,Day,Fabric,1018,13
2023-01-07,Line 5,Day,Machine,1018,7
2023-01-07,Line 5,Day,Stitching,1018,5
2023-01-07,Line 5,Day,Operator,1018,2
2023-01-07,Line 5,Night,Fabric,1074,8
2023-01-07,Line 5,Night,Machine,1074,2
2023-01-07,Line 5,Night,Stitching,1074,5
2023-01-07,Line 5,Night,Operator,1074,0
2023-01-07,Line 6,Day,Fabric,1192,5
2023-01-07,Line 6,Day,Machine,1192,2
2023-01-07,Line 6,Day,Stitching,1192,3
2023-01-07,Line 6,Day,Operator,1192,1
2023-01-07,Line 6,Night,Fabric,1087,5
2023-01-07,Line 6,Night,Machine,1087,6
2023-01-07,Line 6,Night,Stitching,1087,4
2023-01-07,Line 6,Night,Operator,1087,2
2023-01-07,Line 7,Day,Fabric,1033,6
2023-01-07,Line 7,Day,Machine,1033,7
2023-01-07,Line 7,Day,Stitching,1033,2
2023-01-07,Line 7,Day,Operator,1033,0
2023-01-07,Line 7,Night,Fabric,989,11
2023-01-07,Line 7,Night,Machine,989,4
2023-01-07,Line 7,Night,Stitching,989,4
2023-01-07,Line 7,Night,Operator,989,0
2023-01-07,Line 8,Day,Fabric,1065,14
2023-01-07,Line 8,Day,Machine,1065,6
2023-01-07,Line 8,Day,Stitching,1065,1
2023-01-07,Line 8,Day,Operator,1065,3
2023-01-07,Line 8,Night,Fabric,1126,8
2023-01-07,Line 8,Night,Machine,1126,3
2023-01-07,Line 8,Night,Stitching,1126,1
2023-01-07,Line 8,Night,Operator,1126,0
2023-01-09,Line 1,Day,Fabric,900,7
2023-01-09,Line 1,Day,Machine,900,3
2023-01-09,Line 1,Day,Stitching,900,2
2023-01-09,Line 1,Day,Operator,900,2
2023-01-09,Line 1,Night,Fabric,914,7
2023-01-09,Line 1,Night,Machine,914,2
2023-01-09,Line 1,Night,Stitching,914,5
2023-01-09,Line 1,Night,Operator,914,1
2023-01-09,Line 2,Day,Fabric,1054,12
2023-01-09,Line 2,Day,Machine,1054,4
2023-01-09,Line 2,Day,Stitching,1054,5
2023-01-09,Line 2,Day,Operator,1054,3
2023-01-09,Line 2,Night,Fabric,1083,14
2023-01-09,Line 2,Night,Machine,1083,7
2023-01-09,Line 2,Night,Stitching,1083,2
2023-01-09,Line 2,Night,Operator,1083,0
2023-01-09,Line 3,Day,Fabric,1157,13
2023-01-09,Line 3,Day,Machine,1157,4
2023-01-09,Line 3,Day,Stitching,1157,5
2023-01-09,Line 3,Day,Operator,1157,2
2023-01-09,Line 3,Night,Fabric,947,11
2023-01-09,Line 3,Night,Machine,947,5
2023-01-09,Line 3,Night,Stitching,947,2
2023-01-09,Line 3,Night,Operator,947,0
2023-01-09,Line 4,Day,Fabric,1100,15
2023-01-09,Line 4,Day,Machine,1100,8
2023-01-09,Line 4,Day,Stitching,1100,7
2023-01-09,Line 4,Day,Operator,1100,9
2023-01-09,Line 4,Night,Fabric,1016,17
2023-01-09,Line 4,Night,Machine,1016,10
2023-01-09,Line 4,Night,Stitching,1016,11
2023-01-09,Line 4,Night,Operator,1016,10
2023-01-09,Line 5,Day,Fabric,1149,13
2023-01-09,Line 5,Day,Machine,1149,5
2023-01-09,Line 5,Day,Stitching,1149,1
2023-01-09,Line 5,Day,Operator,1149,2
2023-01-09,Line 5,Night,Fabric,1055,7
2023-01-09,Line 5,Night,Machine,1055,4
2023-01-09,Line 5,Night,Stitching,1055,3
2023-01-09,Line 5,Night,Operator,1055,3
2023-01-09,Line 6,Day,Fabric,917,9
2023-01-09,Line 6,Day,Machine,917,3
2023-01-09,Line 6,Day,Stitching,917,5
2023-01-09,Line 6,Day,Operator,917,1
2023-01-09,Line 6,Night,Fabric,1121,10
2023-01-09,Line 6,Night,Machine,1121,4
2023-01-09,Line 6,Night,Stitching,1121,4
2023-01-09,Line 6,Night,Operator,1121,2
2023-01-09,Line 7,Day,Fabric,1148,12
2023-01-09,Line 7,Day,Machine,1148,2
2023-01-09,Line 7,Day,Stitching,1148,3
2023-01-09,Line 7,Day,Operator,1148,0
2023-01-09,Line 7,Night,Fabric,1020,10
2023-01-09,Line 7,Night,Machine,1020,6
2023-01-09,Line 7,Night,Stitching,1020,5
2023-01-09,Line 7,Night,Operator,1020,1
2023-01-09,Line 8,Day,Fabric,996,9
2023-01-09,Line 8,Day,Machine,996,4
2023-01-09,Line 8,Day,Stitching,996,1
2023-01-09,Line 8,Day,Operator,996,2
2023-01-09,Line 8,Night,Fabric,1135,6
2023-01-09,Line 8,Night,Machine,1135,2
2023-01-09,Line 8,Night,Stitching,1135,1
2023-01-09,Line 8,Night,Operator,1135,3
2023-01-10,Line 1,Day,Fabric,955,9
2023-01-10,Line 1,Day,Machine,955,5
2023-01-10,Line 1,Day,Stitching,955,1
2023-01-10,Line 1,Day,Operator,955,2
2023-01-10,Line 1,Night,Fabric,1182,12
2023-01-10,Line 1,Night,Machine,1182,3
2023-01-10,Line 1,Night,Stitching,1182,4
2023-01-10,Line 1,Night,Operator,1182,2
2023-01-10,Line 2,Day,Fabric,991,14
2023-01-10,Line 2,Day,Machine,991,4
2023-01-10,Line 2,Day,Stitching,991,5
2023-01-10,Line 2,Day,Operator,991,0
2023-01-10,Line 2,Night,Fabric,1102,6
2023-01-10,Line 2,Night,Machine,1102,3
2023-01-10,Line 2,Night,Stitching,1102,5
2023-01-10,Line 2,Night,Operator,1102,1
2023-01-10,Line 3,Day,Fabric,1110,6
2023-01-10,Line 3,Day,Machine,1110,3
2023-01-10,Line 3,Day,Stitching,1110,3
2023-01-10,Line 3,Day,Operator,1110,0
2023-01-10,Line 3,Night,Fabric,977,10
2023-01-10,Line 3,Night,Machine,977,2
2023-01-10,Line 3,Night,Stitching,977,4
2023-01-10,Line 3,Night,Operator,977,2
2023-01-10,Line 4,Day,Fabric,965,21
2023-01-10,Line 4,Day,Machine,965,10
2023-01-10,Line 4,Day,Stitching,965,4
2023-01-10,Line 4,Day,Operator,965,7
2023-01-10,Line 4,Night,Fabric,1099,12
2023-01-10,Line 4,Night,Machine,1099,9
2023-01-10,Line 4,Night,Stitching,1099,4
2023-01-10,Line 4,Night,Operator,1099,8
2023-01-10,Line 5,Day,Fabric,902,10
2023-01-10,Line 5,Day,Machine,902,3
2023-01-10,Line 5,Day,Stitching,902,4
2023-01-10,Line 5,Day,Operator,902,0
2023-01-10,Line 5,Night,Fabric,1166,13
2023-01-10,Line 5,Night,Machine,1166,5
2023-01-10,Line 5,Night,Stitching,1166,1
2023-01-10,Line 5,Night,Operator,1166,3
2023-01-10,Line 6,Day,Fabric,1015,12
2023-01-10,Line 6,Day,Machine,1015,2
2023-01-10,Line 6,Day,Stitching,1015,1
2023-01-10,Line 6,Day,Operator,1015,2
2023-01-10,Line 6,Night,Fabric,1163,5
2023-01-10,Line 6,Night,Machine,1163,6
2023-01-10,Line 6,Night,Stitching,1163,3
2023-01-10,Line 6,Night,Operator,1163,3
2023-01-10,Line 7,Day,Fabric,1032,7
2023-01-10,Line 7,Day,Machine,1032,7
2023-01-10,Line 7,Day,Stitching,1032,1
2023-01-10,Line 7,Day,Operator,1032,0
2023-01-10,Line 7,Night,Fabric,1113,8
2023-01-10,Line 7,Night,Machine,1113,5
2023-01-10,Line 7,Night,Stitching,1113,3
2023-01-10,Line 7,Night,Operator,1113,1
2023-01-10,Line 8,Day,Fabric,1107,9
2023-01-10,Line 8,Day,Machine,1107,7
2023-01-10,Line 8,Day,Stitching,1107,4
2023-01-10,Line 8,Day,Operator,1107,0
2023-01-10,Line 8,Night,Fabric,985,14
2023-01-10,Line 8,Night,Machine,985,7
2023-01-10,Line 8,Night,Stitching,985,4
2023-01-10,Line 8,Night,Operator,985,1
2023-01-11,Line 1,Day,Fabric,1073,6
2023-01-11,Line 1,Day,Machine,1073,4
2023-01-11,Line 1,Day,Stitching,1073,3
2023-01-11,Line 1,Day,Operator,1073,3
2023-01-11,Line 1,Night,Fabric,952,13
2023-01-11,Line 1,Night,Machine,952,4
2023-01-11,Line 1,Night,Stitching,952,5
2023-01-11,Line 1,Night,Operator,952,1
2023-01-11,Line 2,Day,Fabric,971,7
2023-01-11,Line 2,Day,Machine,971,6
2023-01-11,Line 2,Day,Stitching,971,2
2023-01-11,Line 2,Day,Operator,971,3
2023-01-11,Line 2,Night,Fabric,1014,14
2023-01-11,Line 2,Night,Machine,1014,3
2023-01-11,Line 2,Night,Stitching,1014,5
2023-01-11,Line 2,Night,Operator,1014,2
2023-01-11,Line 3,Day,Fabric,1161,11
2023-01-11,Line 3,Day,Machine,1161,6
2023-01-11,Line 3,Day,Stitching,1161,4
2023-01-11,Line 3,Day,Operator,1161,3
2023-01-11,Line 3,Night,Fabric,1196,9
2023-01-11,Line 3,Night,Machine,1196,5
2023-01-11,Line 3,Night,Stitching,1196,1
2023-01-11,Line 3,Night,Operator,1196,1
2023-01-11,Line 4,Day,Fabric,920,10
2023-01-11,Line 4,Day,Machine,920,13
2023-01-11,Line 4,Day,Stitching,920,9
2023-01-11,Line 4,Day,Operator,920,3
2023-01-11,Line 4,Night,Fabric,910,17
2023-01-11,Line 4,Night,Machine,910,13
2023-01-11,Line 4,Night,Stitching,910,5
2023-01-11,Line 4,Night,Operator,910,4
2023-01-11,Line 5,Day,Fabric,1183,9
2023-01-11,Line 5,Day,Machine,1183,3
2023-01-11,Line 5,Day,Stitching,1183,2
2023-01-11,Line 5,Day,Operator,1183,1
2023-01-11,Line 5,Night,Fabric,966,14
2023-01-11,Line 5,Night,Machine,966,5
2023-01-11,Line 5,Night,Stitching,966,2
2023-01-11,Line 5,Night,Operator,966,1
2023-01-11,Line 6,Day,Fabric,1091,6
2023-01-11,Line 6,Day,Machine,1091,7
2023-01-11,Line 6,Day,Stitching,1091,4
2023-01-11,Line 6,Day,Operator,1091,2
2023-01-11,Line 6,Night,Fabric,950,11
2023-01-11,Line 6,Night,Machine,950,2
2023-01-11,Line 6,Night,Stitching,950,2
2023-01-11,Line 6,Night,Operator,950,2
2023-01-11,Line 7,Day,Fabric,1161,6
2023-01-11,Line 7,Day,Machine,1161,6
2023-01-11,Line 7,Day,Stitching,1161,5
2023-01-11,Line 7,Day,Operator,1161,0
2023-01-11,Line 7,Night,Fabric,922,9
2023-01-11,Line 7,Night,Machine,922,3
2023-01-11,Line 7,Night,Stitching,922,4
2023-01-11,Line 7,Night,Operator,922,0
2023-01-11,Line 8,Day,Fabric,1077,11
2023-01-11,Line 8,Day,Machine,1077,4
2023-01-11,Line 8,Day,Stitching,1077,1
2023-01-11,Line 8,Day,Operator,1077,1
2023-01-11,Line 8,Night,Fabric,1015,8
2023-01-11,Line 8,Night,Machine,1015,4
2023-01-11,Line 8,Night,Stitching,1015,5
2023-01-11,Line 8,Night,Operator,1015,2
2023-01-12,Line 1,Day,Fabric,900,14
2023-01-12,Line 1,Day,Machine,900,6
2023-01-12,Line 1,Day,Stitching,900,1
2023-01-12,Line 1,Day,Operator,900,2
2023-01-12,Line 1,Night,Fabric,1171,8
2023-01-12,Line 1,Night,Machine,1171,4
2023-01-12,Line 1,Night,Stitching,1171,5
2023-01-12,Line 1,Night,Operator,1171,3
2023-01-12,Line 2,Day,Fabric,989,5
2023-01-12,Line 2,Day,Machine,989,2
2023-01-12,Line 2,Day,Stitching,989,1
2023-01-12,Line 2,Day,Operator,989,3
2023-01-12,Line 2,Night,Fabric,1076,10
2023-01-12,Line 2,Night,Machine,1076,4
2023-01-12,Line 2,Night,Stitching,1076,4
2023-01-12,Line 2,Night,Operator,1076,3
2023-01-12,Line 3,Day,Fabric,1141,5
2023-01-12,Line 3,Day,Machine,1141,4
2023-01-12,Line 3,Day,Stitching,1141,2
2023-01-12,Line 3,Day,Operator,1141,0
2023-01-12,Line 3,Night,Fabric,1029,7
2023-01-12,Line 3,Night,Machine,1029,4
2023-01-12,Line 3,Night,Stitching,1029,2
2023-01-12,Line 3,Night,Operator,1029,3
2023-01-12,Line 4,Day,Fabric,1140,12
2023-01-12,Line 4,Day,Machine,1140,9
2023-01-12,Line 4,Day,Stitching,1140,4
2023-01-12,Line 4,Day,Operator,1140,8
2023-01-12,Line 4,Night,Fabric,1080,15
2023-01-12,Line 4,Night,Machine,1080,6
2023-01-12,Line 4,Night,Stitching,1080,4
2023-01-12,Line 4,Night,Operator,1080,10
2023-01-12,Line 5,Day,Fabric,1193,11
2023-01-12,Line 5,Day,Machine,1193,2
2023-01-12,Line 5,Day,Stitching,1193,3
2023-01-12,Line 5,Day,Operator,1193,0
2023-01-12,Line 5,Night,Fabric,1021,8
2023-01-12,Line 5,Night,Machine,1021,6
2023-01-12,Line 5,Night,Stitching,1021,3
2023-01-12,Line 5,Night,Operator,1021,0
2023-01-12,Line 6,Day,Fabric,1029,5
2023-01-12,Line 6,Day,Machine,1029,2
2023-01-12,Line 6,Day,Stitching,1029,3
2023-01-12,Line 6,Day,Operator,1029,3
2023-01-12,Line 6,Night,Fabric,1059,6
2023-01-12,Line 6,Night,Machine,1059,7
2023-01-12,Line 6,Night,Stitching,1059,2
2023-01-12,Line 6,Night,Operator,1059,2
2023-01-12,Line 7,Day,Fabric,984,11
2023-01-12,Line 7,Day,Machine,984,2
2023-01-12,Line 7,Day,Stitching,984,2
2023-01-12,Line 7,Day,Operator,984,3
2023-01-12,Line 7,Night,Fabric,1198,14
2023-01-12,Line 7,Night,Machine,1198,5
2023-01-12,Line 7,Night,Stitching,1198,3
2023-01-12,Line 7,Night,Operator,1198,0
2023-01-12,Line 8,Day,Fabric,1077,5
2023-01-12,Line 8,Day,Machine,1077,2
2023-01-12,Line 8,Day,Stitching,1077,1
2023-01-12,Line 8,Day,Operator,1077,3
2023-01-12,Line 8,Night,Fabric,1058,8
2023-01-12,Line 8,Night,Machine,1058,4
2023-01-12,Line 8,Night,Stitching,1058,1
2023-01-12,Line 8,Night,Operator,1058,0
2023-01-13,Line 1,Day,Fabric,1092,13
2023-01-13,Line 1,Day,Machine,1092,4
2023-01-13,Line 1,Day,Stitching,1092,3
2023-01-13,Line 1,Day,Operator,1092,0
2023-01-13,Line 1,Night,Fabric,1077,11
2023-01-13,Line 1,Night,Machine,1077,6
2023-01-13,Line 1,Night,Stitching,1077,5
2023-01-13,Line 1,Night,Operator,1077,1
2023-01-13,Line 2,Day,Fabric,1090,9
2023-01-13,Line 2,Day,Machine,1090,3
2023-01-13,Line 2,Day,Stitching,1090,3
2023-01-13,Line 2,Day,Operator,1090,3
2023-01-13,Line 2,Night,Fabric,987,5
2023-01-13,Line 2,Night,Machine,987,3
2023-01-13,Line 2,Night,Stitching,987,3
2023-01-13,Line 2,Night,Operator,987,3
2023-01-13,Line 3,Day,Fabric,1058,14
2023-01-13,Line 3,Day,Machine,1058,3
2023-01-13,Line 3,Day,Stitching,1058,1
2023-01-13,Line 3,Day,Operator,1058,0
2023-01-13,Line 3,Night,Fabric,1037,6
2023-01-13,Line 3,Night,Machine,1037,6
2023-01-13,Line 3,Night,Stitching,1037,1
2023-01-13,Line 3,Night,Operator,1037,3
2023-01-13,Line 4,Day,Fabric,1006,18
2023-01-13,Line 4,Day,Machine,1006,14
2023-01-13,Line 4,Day,Stitching,1006,7
2023-01-13,Line 4,Day,Operator,1006,5
2023-01-13,Line 4,Night,Fabric,919,13
2023-01-13,Line 4,Night,Machine,919,7
2023-01-13,Line 4,Night,Stitching,919,4
2023-01-13,Line 4,Night,Operator,919,11
2023-01-13,Line 5,Day,Fabric,1194,11
2023-01-13,Line 5,Day,Machine,1194,2
2023-01-13,Line 5,Day,Stitching,1194,4
2023-01-13,Line 5,Day,Operator,1194,1
2023-01-13,Line 5,Night,Fabric,1042,7
2023-01-13,Line 5,Night,Machine,1042,5
2023-01-13,Line 5,Night,Stitching,1042,3
2023-01-13,Line 5,Night,Operator,1042,2
2023-01-13,Line 6,Day,Fabric,1022,6
2023-01-13,Line 6,Day,Machine,1022,4
2023-01-13,Line 6,Day,Stitching,1022,2
2023-01-13,Line 6,Day,Operator,1022,2
2023-01-13,Line 6,Night,Fabric,1017,12
2023-01-13,Line 6,Night,Machine,1017,7
2023-01-13,Line 6,Night,Stitching,1017,3
2023-01-13,Line 6,Night,Operator,1017,1
2023-01-13,Line 7,Day,Fabric,944,13
2023-01-13,Line 7,Day,Machine,944,2
2023-01-13,Line 7,Day,Stitching,944,1
2023-01-13,Line 7,Day,Operator,944,1
2023-01-13,Line 7,Night,Fabric,931,14
2023-01-13,Line 7,Night,Machine,931,4
2023-01-13,Line 7,Night,Stitching,931,1
2023-01-13,Line 7,Night,Operator,931,2
2023-01-13,Line 8,Day,Fabric,957,8
2023-01-13,Line 8,Day,Machine,957,4
2023-01-13,Line 8,Day,Stitching,957,2
2023-01-13,Line 8,Day,Operator,957,2
2023-01-13,Line 8,Night,Fabric,1027,5
2023-01-13,Line 8,Night,Machine,1027,5
2023-01-13,Line 8,Night,Stitching,1027,5
2023-01-13,Line 8,Night,Operator,1027,1
2023-01-14,Line 1,Day,Fabric,929,13
2023-01-14,Line 1,Day,Machine,929,5
2023-01-14,Line 1,Day,Stitching,929,1
2023-01-14,Line 1,Day,Operator,929,1
2023-01-14,Line 1,Night,Fabric,987,9
2023-01-14,Line 1,Night,Machine,987,6
2023-01-14,Line 1,Night,Stitching,987,1
2023-01-14,Line 1,Night,Operator,987,1
2023-01-14,Line 2,Day,Fabric,1123,8
2023-01-14,Line 2,Day,Machine,1123,5
2023-01-14,Line 2,Day,Stitching,1123,5
2023-01-14,Line 2,Day,Operator,1123,2
2023-01-14,Line 2,Night,Fabric,949,6
2023-01-14,Line 2,Night,Machine,949,6
2023-01-14,Line 2,Night,Stitching,949,3
2023-01-14,Line 2,Night,Operator,949,0
2023-01-14,Line 3,Day,Fabric,1097,5
2023-01-14,Line 3,Day,Machine,1097,5
2023-01-14,Line 3,Day,Stitching,1097,5
2023-01-14,Line 3,Day,Operator,1097,2
2023-01-14,Line 3,Night,Fabric,1173,8
2023-01-14,Line 3,Night,Machine,1173,2
2023-01-14,Line 3,Night,Stitching,1173,5
2023-01-14,Line 3,Night,Operator,1173,2
2023-01-14,Line 4,Day,Fabric,1125,11
2023-01-14,Line 4,Day,Machine,1125,8
2023-01-14,Line 4,Day,Stitching,1125,5
2023-01-14,Line 4,Day,Operator,1125,9
2023-01-14,Line 4,Night,Fabric,986,21
2023-01-14,Line 4,Night,Machine,986,12
2023-01-14,Line 4,Night,Stitching,986,10
2023-01-14,Line 4,Night,Operator,986,10
2023-01-14,Line 5,Day,Fabric,977,10
2023-01-14,Line 5,Day,Machine,977,5
2023-01-14,Line 5,Day,Stitching,977,5
2023-01-14,Line 5,Day,Operator,977,1
2023-01-14,Line 5,Night,Fabric,1108,9
2023-01-14,Line 5,Night,Machine,1108,5
2023-01-14,Line 5,Night,Stitching,1108,4
2023-01-14,Line 5,Night,Operator,1108,0
2023-01-14,Line 6,Day,Fabric,1004,8
2023-01-14,Line 6,Day,Machine,1004,7
2023-01-14,Line 6,Day,Stitching,1004,2
2023-01-14,Line 6,Day,Operator,1004,0
2023-01-14,Line 6,Night,Fabric,1030,6
2023-01-14,Line 6,Night,Machine,1030,3
2023-01-14,Line 6,Night,Stitching,1030,4
2023-01-14,Line 6,Night,Operator,1030,2
2023-01-14,Line 7,Day,Fabric,925,9
2023-01-14,Line 7,Day,Machine,925,3
2023-01-14,Line 7,Day,Stitching,925,4
2023-01-14,Line 7,Day,Operator,925,3
2023-01-14,Line 7,Night,Fabric,924,14
2023-01-14,Line 7,Night,Machine,924,6
2023-01-14,Line 7,Night,Stitching,924,5
2023-01-14,Line 7,Night,Operator,924,1
2023-01-14,Line 8,Day,Fabric,1083,9
2023-01-14,Line 8,Day,Machine,1083,2
2023-01-14,Line 8,Day,Stitching,1083,3
2023-01-14,Line 8,Day,Operator,1083,1
2023-01-14,Line 8,Night,Fabric,929,9
2023-01-14,Line 8,Night,Machine,929,7
2023-01-14,Line 8,Night,Stitching,929,5
2023-01-14,Line 8,Night,Operator,929,1
2023-01-16,Line 1,Day,Fabric,949,12
2023-01-16,Line 1,Day,Machine,949,6
2023-01-16,Line 1,Day,Stitching,949,5
2023-01-16,Line 1,Day,Operator,949,0
2023-01-16,Line 1,Night,Fabric,947,13
2023-01-16,Line 1,Night,Machine,947,7
2023-01-16,Line 1,Night,Stitching,947,1
2023-01-16,Line 1,Night,Operator,947,2
2023-01-16,Line 2,Day,Fabric,980,11
2023-01-16,Line 2,Day,Machine,980,6
2023-01-16,Line 2,Day,Stitching,980,3
2023-01-16,Line 2,Day,Operator,980,2
2023-01-16,Line 2,Night,Fabric,962,13
2023-01-16,Line 2,Night,Machine,962,6
2023-01-16,Line 2,Night,Stitching,962,1
2023-01-16,Line 2,Night,Operator,962,2
2023-01-16,Line 3,Day,Fabric,1095,8
2023-01-16,Line 3,Day,Machine,1095,5
2023-01-16,Line 3,Day,Stitching,1095,5
2023-01-16,Line 3,Day,Operator,1095,3
2023-01-16,Line 3,Night,Fabric,1172,7
2023-01-16,Line 3,Night,Machine,1172,4
2023-01-16,Line 3,Night,Stitching,1172,1
2023-01-16,Line 3,Night,Operator,1172,1
2023-01-16,Line 4,Day,Fabric,1068,10
2023-01-16,Line 4,Day,Machine,1068,10
2023-01-16,Line 4,Day,Stitching,1068,10
2023-01-16,Line 4,Day,Operator,1068,11
2023-01-16,Line 4,Night,Fabric,1067,22
2023-01-16,Line 4,Night,Machine,1067,8
2023-01-16,Line 4,Night,Stitching,1067,11
2023-01-16,Line 4,Night,Operator,1067,11
2023-01-16,Line 5,Day,Fabric,1071,10
2023-01-16,Line 5,Day,Machine,1071,6
2023-01-16,Line 5,Day,Stitching,1071,1
2023-01-16,Line 5,Day,Operator,1071,2
2023-01-16,Line 5,Night,Fabric,952,6
2023-01-16,Line 5,Night,Machine,952,7
2023-01-16,Line 5,Night,Stitching,952,3
2023-01-16,Line 5,Night,Operator,952,2
2023-01-16,Line 6,Day,Fabric,1148,8
2023-01-16,Line 6,Day,Machine,1148,3
2023-01-16,Line 6,Day,Stitching,1148,4
2023-01-16,Line 6,Day,Operator,1148,0
2023-01-16,Line 6,Night,Fabric,1138,12
2023-01-16,Line 6,Night,Machine,1138,5
2023-01-16,Line 6,Night,Stitching,1138,3
2023-01-16,Line 6,Night,Operator,1138,1
2023-01-16,Line 7,Day,Fabric,1178,11
2023-01-16,Line 7,Day,Machine,1178,7
2023-01-16,Line 7,Day,Stitching,1178,3
2023-01-16,Line 7,Day,Operator,1178,2
2023-01-16,Line 7,Night,Fabric,985,14
2023-01-16,Line 7,Night,Machine,985,5
2023-01-16,Line 7,Night,Stitching,985,3
2023-01-16,Line 7,Night,Operator,985,3
2023-01-16,Line 8,Day,Fabric,987,11
2023-01-16,Line 8,Day,Machine,987,5
2023-01-16,Line 8,Day,Stitching,987,4
2023-01-16,Line 8,Day,Operator,987,2
2023-01-16,Line 8,Night,Fabric,1174,5
2023-01-16,Line 8,Night,Machine,1174,6
2023-01-16,Line 8,Night,Stitching,1174,5
2023-01-16,Line 8,Night,Operator,1174,2
2023-01-17,Line 1,Day,Fabric,1186,14
2023-01-17,Line 1,Day,Machine,1186,5
2023-01-17,Line 1,Day,Stitching,1186,1
2023-01-17,Line 1,Day,Operator,1186,1
2023-01-17,Line 1,Night,Fabric,1060,8
2023-01-17,Line 1,Night,Machine,1060,4
2023-01-17,Line 1,Night,Stitching,1060,1
2023-01-17,Line 1,Night,Operator,1060,1
2023-01-17,Line 2,Day,Fabric,1049,13
2023-01-17,Line 2,Day,Machine,1049,5
2023-01-17,Line 2,Day,Stitching,1049,2
2023-01-17,Line 2,Day,Operator,1049,2
2023-01-17,Line 2,Night,Fabric,952,14
2023-01-17,Line 2,Night,Machine,952,7
2023-01-17,Line 2,Night,Stitching,952,2
2023-01-17,Line 2,Night,Operator,952,3
2023-01-17,Line 3,Day,Fabric,922,11
2023-01-17,Line 3,Day,Machine,922,6
2023-01-17,Line 3,Day,Stitching,922,4
2023-01-17,Line 3,Day,Operator,922,3
2023-01-17,Line 3,Night,Fabric,1105,14
2023-01-17,Line 3,Night,Machine,1105,3
2023-01-17,Line 3,Night,Stitching,1105,2
2023-01-17,Line 3,Night,Operator,1105,0
2023-01-17,Line 4,Day,Fabric,1058,15
2023-01-17,Line 4,Day,Machine,1058,9
2023-01-17,Line 4,Day,Stitching,1058,12
2023-01-17,Line 4,Day,Operator,1058,3
2023-01-17,Line 4,Night,Fabric,1124,17
2023-01-17,Line 4,Night,Machine,1124,8
2023-01-17,Line 4,Night,Stitching,1124,9
2023-01-17,Line 4,Night,Operator,1124,8
2023-01-17,Line 5,Day,Fabric,1083,6
2023-01-17,Line 5,Day,Machine,1083,2
2023-01-17,Line 5,Day,Stitching,1083,1
2023-01-17,Line 5,Day,Operator,1083,2
2023-01-17,Line 5,Night,Fabric,939,5
2023-01-17,Line 5,Night,Machine,939,7
2023-01-17,Line 5,Night,Stitching,939,2
2023-01-17,Line 5,Night,Operator,939,0
2023-01-17,Line 6,Day,Fabric,957,13
2023-01-17,Line 6,Day,Machine,957,2
2023-01-17,Line 6,Day,Stitching,957,4
2023-01-17,Line 6,Day,Operator,957,1
2023-01-17,Line 6,Night,Fabric,985,14
2023-01-17,Line 6,Night,Machine,985,6
2023-01-17,Line 6,Night,Stitching,985,2
2023-01-17,Line 6,Night,Operator,985,1
2023-01-17,Line 7,Day,Fabric,1168,14
2023-01-17,Line 7,Day,Machine,1168,5
2023-01-17,Line 7,Day,Stitching,1168,4
2023-01-17,Line 7,Day,Operator,1168,2
2023-01-17,Line 7,Night,Fabric,954,14
2023-01-17,Line 7,Night,Machine,954,7
2023-01-17,Line 7,Night,Stitching,954,4
2023-01-17,Line 7,Night,Operator,954,2
2023-01-17,Line 8,Day,Fabric,1109,5
2023-01-17,Line 8,Day,Machine,1109,7
2023-01-17,Line 8,Day,Stitching,1109,4
2023-01-17,Line 8,Day,Operator,1109,0
2023-01-17,Line 8,Night,Fabric,970,14
2023-01-17,Line 8,Night,Machine,970,6
2023-01-17,Line 8,Night,Stitching,970,1
2023-01-17,Line 8,Night,Operator,970,0
2023-01-18,Line 1,Day,Fabric,1170,6
2023-01-18,Line 1,Day,Machine,1170,3
2023-01-18,Line 1,Day,Stitching,1170,3
2023-01-18,Line 1,Day,Operator,1170,1
2023-01-18,Line 1,Night,Fabric,959,8
2023-01-18,Line 1,Night,Machine,959,2
2023-01-18,Line 1,Night,Stitching,959,4
2023-01-18,Line 1,Night,Operator,959,2
2023-01-18,Line 2,Day,Fabric,1056,10
2023-01-18,Line 2,Day,Machine,1056,6
2023-01-18,Line 2,Day,Stitching,1056,4
2023-01-18,Line 2,Day,Operator,1056,0
2023-01-18,Line 2,Night,Fabric,945,10
2023-01-18,Line 2,Night,Machine,945,3
2023-01-18,Line 2,Night,Stitching,945,2
2023-01-18,Line 2,Night,Operator,945,1
2023-01-18,Line 3,Day,Fabric,1189,7
2023-01-18,Line 3,Day,Machine,1189,3
2023-01-18,Line 3,Day,Stitching,1189,1
2023-01-18,Line 3,Day,Operator,1189,0
2023-01-18,Line 3,Night,Fabric,1036,11
2023-01-18,Line 3,Night,Machine,1036,6
2023-01-18,Line 3,Night,Stitching,1036,1
2023-01-18,Line 3,Night,Operator,1036,0
2023-01-18,Line 4,Day,Fabric,1124,9
2023-01-18,Line 4,Day,Machine,1124,10
2023-01-18,Line 4,Day,Stitching,1124,5
2023-01-18,Line 4,Day,Operator,1124,10
2023-01-18,Line 4,Night,Fabric,1032,13
2023-01-18,Line 4,Night,Machine,1032,10
2023-01-18,Line 4,Night,Stitching,1032,5
2023-01-18,Line 4,Night,Operator,1032,7
2023-01-18,Line 5,Day,Fabric,961,5
2023-01-18,Line 5,Day,Machine,961,2
2023-01-18,Line 5,Day,Stitching,961,1
2023-01-18,Line 5,Day,Operator,961,0
2023-01-18,Line 5,Night,Fabric,967,9
2023-01-18,Line 5,Night,Machine,967,6
2023-01-18,Line 5,Night,Stitching,967,5
2023-01-18,Line 5,Night,Operator,967,2
2023-01-18,Line 6,Day,Fabric,906,10
2023-01-18,Line 6,Day,Machine,906,6
2023-01-18,Line 6,Day,Stitching,906,2
2023-01-18,Line 6,Day,Operator,906,2
2023-01-18,Line 6,Night,Fabric,1180,5
2023-01-18,Line 6,Night,Machine,1180,4
2023-01-18,Line 6,Night,Stitching,1180,3
2023-01-18,Line 6,Night,Operator,1180,1
2023-01-18,Line 7,Day,Fabric,1043,10
2023-01-18,Line 7,Day,Machine,1043,3
2023-01-18,Line 7,Day,Stitching,1043,2
2023-01-18,Line 7,Day,Operator,1043,1
2023-01-18,Line 7,Night,Fabric,1057,9
2023-01-18,Line 7,Night,Machine,1057,5
2023-01-18,Line 7,Night,Stitching,1057,4
2023-01-18,Line 7,Night,Operator,1057,0
2023-01-18,Line 8,Day,Fabric,1146,13
2023-01-18,Line 8,Day,Machine,1146,6
2023-01-18,Line 8,Day,Stitching,1146,1
2023-01-18,Line 8,Day,Operator,1146,1
2023-01-18,Line 8,Night,Fabric,1140,7
2023-01-18,Line 8,Night,Machine,1140,3
2023-01-18,Line 8,Night,Stitching,1140,5
2023-01-18,Line 8,Night,Operator,1140,2
2023-01-19,Line 1,Day,Fabric,1165,7
2023-01-19,Line 1,Day,Machine,1165,3
2023-01-19,Line 1,Day,Stitching,1165,5
2023-01-19,Line 1,Day,Operator,1165,2
2023-01-19,Line 1,Night,Fabric,1094,13
2023-01-19,Line 1,Night,Machine,1094,7
2023-01-19,Line 1,Night,Stitching,1094,1
2023-01-19,Line 1,Night,Operator,1094,1
2023-01-19,Line 2,Day,Fabric,1074,11
2023-01-19,Line 2,Day,Machine,1074,6
2023-01-19,Line 2,Day,Stitching,1074,3
2023-01-19,Line 2,Day,Operator,1074,2
2023-01-19,Line 2,Night,Fabric,1099,12
2023-01-19,Line 2,Night,Machine,1099,5
2023-01-19,Line 2,Night,Stitching,1099,3
2023-01-19,Line 2,Night,Operator,1099,1
2023-01-19,Line 3,Day,Fabric,1193,10
2023-01-19,Line 3,Day,Machine,1193,7
2023-01-19,Line 3,Day,Stitching,1193,1
2023-01-19,Line 3,Day,Operator,1193,3
2023-01-19,Line 3,Night,Fabric,1183,7
2023-01-19,Line 3,Night,Machine,1183,7
2023-01-19,Line 3,Night,Stitching,1183,1
2023-01-19,Line 3,Night,Operator,1183,3
2023-01-19,Line 4,Day,Fabric,954,14
2023-01-19,Line 4,Day,Machine,954,14
2023-01-19,Line 4,Day,Stitching,954,7
2023-01-19,Line 4,Day,Operator,954,11
2023-01-19,Line 4,Night,Fabric,922,15
2023-01-19,Line 4,Night,Machine,922,11
2023-01-19,Line 4,Night,Stitching,922,9
2023-01-19,Line 4,Night,Operator,922,10
2023-01-19,Line 5,Day,Fabric,1188,9
2023-01-19,Line 5,Day,Machine,1188,4
2023-01-19,Line 5,Day,Stitching,1188,1
2023-01-19,Line 5,Day,Operator,1188,2
2023-01-19,Line 5,Night,Fabric,969,12
2023-01-19,Line 5,Night,Machine,969,7
2023-01-19,Line 5,Night,Stitching,969,1
2023-01-19,Line 5,Night,Operator,969,0
2023-01-19,Line 6,Day,Fabric,1112,5
2023-01-19,Line 6,Day,Machine,1112,4
2023-01-19,Line 6,Day,Stitching,1112,2
2023-01-19,Line 6,Day,Operator,1112,2
2023-01-19,Line 6,Night,Fabric,961,13
2023-01-19,Line 6,Night,Machine,961,7
2023-01-19,Line 6,Night,Stitching,961,2
2023-01-19,Line 6,Night,Operator,961,0
2023-01-19,Line 7,Day,Fabric,968,9
2023-01-19,Line 7,Day,Machine,968,2
2023-01-19,Line 7,Day,Stitching,968,5
2023-01-19,Line 7,Day,Operator,968,2
2023-01-19,Line 7,Night,Fabric,932,6
2023-01-19,Line 7,Night,Machine,932,4
2023-01-19,Line 7,Night,Stitching,932,5
2023-01-19,Line 7,Night,Operator,932,3
2023-01-19,Line 8,Day,Fabric,1183,12
2023-01-19,Line 8,Day,Machine,1183,4
2023-01-19,Line 8,Day,Stitching,1183,1
2023-01-19,Line 8,Day,Operator,1183,3
2023-01-19,Line 8,Night,Fabric,985,11
2023-01-19,Line 8,Night,Machine,985,2
2023-01-19,Line 8,Night,Stitching,985,3
2023-01-19,Line 8,Night,Operator,985,3
2023-01-20,Line 1,Day,Fabric,930,12
2023-01-20,Line 1,Day,Machine,930,4
2023-01-20,Line 1,Day,Stitching,930,1
2023-01-20,Line 1,Day,Operator,930,1
2023-01-20,Line 1,Night,Fabric,1065,11
2023-01-20,Line 1,Night,Machine,1065,6
2023-01-20,Line 1,Night,Stitching,1065,2
2023-01-20,Line 1,Night,Operator,1065,3
2023-01-20,Line 2,Day,Fabric,1161,8
2023-01-20,Line 2,Day,Machine,1161,2
2023-01-20,Line 2,Day,Stitching,1161,3
2023-01-20,Line 2,Day,Operator,1161,2
2023-01-20,Line 2,Night,Fabric,1161,11
2023-01-20,Line 2,Night,Machine,1161,5
2023-01-20,Line 2,Night,Stitching,1161,2
2023-01-20,Line 2,Night,Operator,1161,2
2023-01-20,Line 3,Day,Fabric,920,8
2023-01-20,Line 3,Day,Machine,920,2
2023-01-20,Line 3,Day,Stitching,920,5
2023-01-20,Line 3,Day,Operator,920,1
2023-01-20,Line 3,Night,Fabric,1162,12
2023-01-20,Line 3,Night,Machine,1162,2
2023-01-20,Line 3,Night,Stitching,1162,5
2023-01-20,Line 3,Night,Operator,1162,3
2023-01-20,Line 4,Day,Fabric,947,14
2023-01-20,Line 4,Day,Machine,947,11
2023-01-20,Line 4,Day,Stitching,947,9
2023-01-20,Line 4,Day,Operator,947,3
2023-01-20,Line 4,Night,Fabric,1116,21
2023-01-20,Line 4,Night,Machine,1116,15
2023-01-20,Line 4,Night,Stitching,1116,7
2023-01-20,Line 4,Night,Operator,1116,5
2023-01-20,Line 5,Day,Fabric,1070,9
2023-01-20,Line 5,Day,Machine,1070,3
2023-01-20,Line 5,Day,Stitching,1070,5
2023-01-20,Line 5,Day,Operator,1070,2
2023-01-20,Line 5,Night,Fabric,989,13
2023-01-20,Line 5,Night,Machine,989,4
2023-01-20,Line 5,Night,Stitching,989,1
2023-01-20,Line 5,Night,Operator,989,0
2023-01-20,Line 6,Day,Fabric,976,8
2023-01-20,Line 6,Day,Machine,976,4
2023-01-20,Line 6,Day,Stitching,976,3
2023-01-20,Line 6,Day,Operator,976,0
2023-01-20,Line 6,Night,Fabric,1144,10
2023-01-20,Line 6,Night,Machine,1144,3
2023-01-20,Line 6,Night,Stitching,1144,4
2023-01-20,Line 6,Night,Operator,1144,2
2023-01-20,Line 7,Day,Fabric,1093,14
2023-01-20,Line 7,Day,Machine,1093,6
2023-01-20,Line 7,Day,Stitching,1093,5
2023-01-20,Line 7,Day,Operator,1093,0
2023-01-20,Line 7,Night,Fabric,1076,9
2023-01-20,Line 7,Night,Machine,1076,3
2023-01-20,Line 7,Night,Stitching,1076,2
2023-01-20,Line 7,Night,Operator,1076,3
2023-01-20,Line 8,Day,Fabric,1118,14
2023-01-20,Line 8,Day,Machine,1118,4
2023-01-20,Line 8,Day,Stitching,1118,3
2023-01-20,Line 8,Day,Operator,1118,2
2023-01-20,Line 8,Night,Fabric,968,10
2023-01-20,Line 8,Night,Machine,968,6
2023-01-20,Line 8,Night,Stitching,968,2
2023-01-20,Line 8,Night,Operator,968,3
2023-01-21,Line 1,Day,Fabric,1171,13
2023-01-21,Line 1,Day,Machine,1171,7
2023-01-21,Line 1,Day,Stitching,1171,2
2023-01-21,Line 1,Day,Operator,1171,1
2023-01-21,Line 1,Night,Fabric,919,14
2023-01-21,Line 1,Night,Machine,919,2
2023-01-21,Line 1,Night,Stitching,919,2
2023-01-21,Line 1,Night,Operator,919,2
2023-01-21,Line 2,Day,Fabric,988,10
2023-01-21,Line 2,Day,Machine,988,5
2023-01-21,Line 2,Day,Stitching,988,2
2023-01-21,Line 2,Day,Operator,988,0
2023-01-21,Line 2,Night,Fabric,1084,13
2023-01-21,Line 2,Night,Machine,1084,4
2023-01-21,Line 2,Night,Stitching,1084,3
2023-01-21,Line 2,Night,Operator,1084,3
2023-01-21,Line 3,Day,Fabric,934,9
2023-01-21,Line 3,Day,Machine,934,6
2023-01-21,Line 3,Day,Stitching,934,4
2023-01-21,Line 3,Day,Operator,934,0
2023-01-21,Line 3,Night,Fabric,1169,5
2023-01-21,Line 3,Night,Machine,1169,5
2023-01-21,Line 3,Night,Stitching,1169,2
2023-01-21,Line 3,Night,Operator,1169,0
2023-01-21,Line 4,Day,Fabric,1114,21
2023-01-21,Line 4,Day,Machine,1114,6
2023-01-21,Line 4,Day,Stitching,1114,9
2023-01-21,Line 4,Day,Operator,1114,7
2023-01-21,Line 4,Night,Fabric,1042,16
2023-01-21,Line 4,Night,Machine,1042,8
2023-01-21,Line 4,Night,Stitching,1042,7
2023-01-21,Line 4,Night,Operator,1042,10
2023-01-21,Line 5,Day,Fabric,1051,6
2023-01-21,Line 5,Day,Machine,1051,5
2023-01-21,Line 5,Day,Stitching,1051,1
2023-01-21,Line 5,Day,Operator,1051,2
2023-01-21,Line 5,Night,Fabric,959,7
2023-01-21,Line 5,Night,Machine,959,5
2023-01-21,Line 5,Night,Stitching,959,3
2023-01-21,Line 5,Night,Operator,959,3
2023-01-21,Line 6,Day,Fabric,984,8
2023-01-21,Line 6,Day,Machine,984,6
2023-01-21,Line 6,Day,Stitching,984,1
2023-01-21,Line 6,Day,Operator,984,3
2023-01-21,Line 6,Night,Fabric,990,11
2023-01-21,Line 6,Night,Machine,990,2
2023-01-21,Line 6,Night,Stitching,990,3
2023-01-21,Line 6,Night,Operator,990,3
2023-01-21,Line 7,Day,Fabric,1116,5
2023-01-21,Line 7,Day,Machine,1116,3
2023-01-21,Line 7,Day,Stitching,1116,4
2023-01-21,Line 7,Day,Operator,1116,2
2023-01-21,Line 7,Night,Fabric,955,11
2023-01-21,Line 7,Night,Machine,955,7
2023-01-21,Line 7,Night,Stitching,955,2
2023-01-21,Line 7,Night,Operator,955,0
2023-01-21,Line 8,Day,Fabric,1166,11
2023-01-21,Line 8,Day,Machine,1166,3
2023-01-21,Line 8,Day,Stitching,1166,4
2023-01-21,Line 8,Day,Operator,1166,1
2023-01-21,Line 8,Night,Fabric,1032,7
2023-01-21,Line 8,Night,Machine,1032,2
2023-01-21,Line 8,Night,Stitching,1032,3
2023-01-21,Line 8,Night,Operator,1032,1
2023-01-23,Line 1,Day,Fabric,1032,5
2023-01-23,Line 1,Day,Machine,1032,3
2023-01-23,Line 1,Day,Stitching,1032,3
2023-01-23,Line 1,Day,Operator,1032,3
2023-01-23,Line 1,Night,Fabric,1197,5
2023-01-23,Line 1,Night,Machine,1197,5
2023-01-23,Line 1,Night,Stitching,1197,2
2023-01-23,Line 1,Night,Operator,1197,0
2023-01-23,Line 2,Day,Fabric,1186,10
2023-01-23,Line 2,Day,Machine,1186,4
2023-01-23,Line 2,Day,Stitching,1186,4
2023-01-23,Line 2,Day,Operator,1186,2
2023-01-23,Line 2,Night,Fabric,967,6
2023-01-23,Line 2,Night,Machine,967,4
2023-01-23,Line 2,Night,Stitching,967,3
2023-01-23,Line 2,Night,Operator,967,0
2023-01-23,Line 3,Day,Fabric,1013,7
2023-01-23,Line 3,Day,Machine,1013,6
2023-01-23,Line 3,Day,Stitching,1013,2
2023-01-23,Line 3,Day,Operator,1013,2
2023-01-23,Line 3,Night,Fabric,1188,8
2023-01-23,Line 3,Night,Machine,1188,3
2023-01-23,Line 3,Night,Stitching,1188,5
2023-01-23,Line 3,Night,Operator,1188,3
2023-01-23,Line 4,Day,Fabric,1176,12
2023-01-23,Line 4,Day,Machine,1176,10
2023-01-23,Line 4,Day,Stitching,1176,9
2023-01-23,Line 4,Day,Operator,1176,8
2023-01-23,Line 4,Night,Fabric,1018,22
2023-01-23,Line 4,Night,Machine,1018,15
2023-01-23,Line 4,Night,Stitching,1018,9
2023-01-23,Line 4,Night,Operator,1018,8
2023-01-23,Line 5,Day,Fabric,1167,6
2023-01-23,Line 5,Day,Machine,1167,3
2023-01-23,Line 5,Day,Stitching,1167,1
2023-01-23,Line 5,Day,Operator,1167,1
2023-01-23,Line 5,Night,Fabric,1014,8
2023-01-23,Line 5,Night,Machine,1014,3
2023-01-23,Line 5,Night,Stitching,1014,3
2023-01-23,Line 5,Night,Operator,1014,0
2023-01-23,Line 6,Day,Fabric,996,10
2023-01-23,Line 6,Day,Machine,996,4
2023-01-23,Line 6,Day,Stitching,996,5
2023-01-23,Line 6,Day,Operator,996,0
2023-01-23,Line 6,Night,Fabric,924,14
2023-01-23,Line 6,Night,Machine,924,5
2023-01-23,Line 6,Night,Stitching,924,2
2023-01-23,Line 6,Night,Operator,924,2
2023-01-23,Line 7,Day,Fabric,961,14
2023-01-23,Line 7,Day,Machine,961,3
2023-01-23,Line 7,Day,Stitching,961,1
2023-01-23,Line 7,Day,Operator,961,1
2023-01-23,Line 7,Night,Fabric,1182,11
2023-01-23,Line 7,Night,Machine,1182,5
2023-01-23,Line 7,Night,Stitching,1182,3
2023-01-23,Line 7,Night,Operator,1182,1
2023-01-23,Line 8,Day,Fabric,1144,10
2023-01-23,Line 8,Day,Machine,1144,2
2023-01-23,Line 8,Day,Stitching,1144,4
2023-01-23,Line 8,Day,Operator,1144,1
2023-01-23,Line 8,Night,Fabric,994,12
2023-01-23,Line 8,Night,Machine,994,7
2023-01-23,Line 8,Night,Stitching,994,4
2023-01-23,Line 8,Night,Operator,994,2
2023-01-24,Line 1,Day,Fabric,913,8
2023-01-24,Line 1,Day,Machine,913,5
2023-01-24,Line 1,Day,Stitching,913,5
2023-01-24,Line 1,Day,Operator,913,1
2023-01-24,Line 1,Night,Fabric,1038,11
2023-01-24,Line 1,Night,Machine,1038,3
2023-01-24,Line 1,Night,Stitching,1038,5
2023-01-24,Line 1,Night,Operator,1038,3
2023-01-24,Line 2,Day,Fabric,1088,7
2023-01-24,Line 2,Day,Machine,1088,6
2023-01-24,Line 2,Day,Stitching,1088,1
2023-01-24,Line 2,Day,Operator,1088,3
2023-01-24,Line 2,Night,Fabric,912,5
2023-01-24,Line 2,Night,Machine,912,4
2023-01-24,Line 2,Night,Stitching,912,3
2023-01-24,Line 2,Night,Operator,912,0
2023-01-24,Line 3,Day,Fabric,1174,7
2023-01-24,Line 3,Day,Machine,1174,2
2023-01-24,Line 3,Day,Stitching,1174,4
2023-01-24,Line 3,Day,Operator,1174,3
2023-01-24,Line 3,Night,Fabric,1113,6
2023-01-24,Line 3,Night,Machine,1113,6
2023-01-24,Line 3,Night,Stitching,1113,3
2023-01-24,Line 3,Night,Operator,1113,1
2023-01-24,Line 4,Day,Fabric,1077,12
2023-01-24,Line 4,Day,Machine,1077,14
2023-01-24,Line 4,Day,Stitching,1077,13
2023-01-24,Line 4,Day,Operator,1077,8
2023-01-24,Line 4,Night,Fabric,1124,10
2023-01-24,Line 4,Night,Machine,1124,15
2023-01-24,Line 4,Night,Stitching,1124,11
2023-01-24,Line 4,Night,Operator,1124,5
2023-01-24,Line 5,Day,Fabric,928,9
2023-01-24,Line 5,Day,Machine,928,3
2023-01-24,Line 5,Day,Stitching,928,1
2023-01-24,Line 5,Day,Operator,928,1
2023-01-24,Line 5,Night,Fabric,966,6
2023-01-24,Line 5,Night,Machine,966,6
2023-01-24,Line 5,Night,Stitching,966,5
2023-01-24,Line 5,Night,Operator,966,1
2023-01-24,Line 6,Day,Fabric,1054,14
2023-01-24,Line 6,Day,Machine,1054,4
2023-01-24,Line 6,Day,Stitching,1054,3
2023-01-24,Line 6,Day,Operator,1054,3
2023-01-24,Line 6,Night,Fabric,960,5
2023-01-24,Line 6,Night,Machine,960,5
2023-01-24,Line 6,Night,Stitching,960,1
2023-01-24,Line 6,Night,Operator,960,0
2023-01-24,Line 7,Day,Fabric,982,5
2023-01-24,Line 7,Day,Machine,982,6
2023-01-24,Line 7,Day,Stitching,982,1
2023-01-24,Line 7,Day,Operator,982,2
2023-01-24,Line 7,Night,Fabric,1034,14
2023-01-24,Line 7,Night,Machine,1034,2
2023-01-24,Line 7,Night,Stitching,1034,4
2023-01-24,Line 7,Night,Operator,1034,1
2023-01-24,Line 8,Day,Fabric,1163,11
2023-01-24,Line 8,Day,Machine,1163,4
2023-01-24,Line 8,Day,Stitching,1163,5
2023-01-24,Line 8,Day,Operator,1163,0
2023-01-24,Line 8,Night,Fabric,959,11
2023-01-24,Line 8,Night,Machine,959,3
2023-01-24,Line 8,Night,Stitching,959,4
2023-01-24,Line 8,Night,Operator,959,2
2023-01-25,Line 1,Day,Fabric,917,8
2023-01-25,Line 1,Day,Machine,917,3
2023-01-25,Line 1,Day,Stitching,917,5
2023-01-25,Line 1,Day,Operator,917,0
2023-01-25,Line 1,Night,Fabric,993,11
2023-01-25,Line 1,Night,Machine,993,2
2023-01-25,Line 1,Night,Stitching,993,3
2023-01-25,Line 1,Night,Operator,993,2
2023-01-25,Line 2,Day,Fabric,981,9
2023-01-25,Line 2,Day,Machine,981,7
2023-01-25,Line 2,Day,Stitching,981,2
2023-01-25,Line 2,Day,Operator,981,1
2023-01-25,Line 2,Night,Fabric,1181,14
2023-01-25,Line 2,Night,Machine,1181,2
2023-01-25,Line 2,Night,Stitching,1181,2
2023-01-25,Line 2,Night,Operator,1181,3
2023-01-25,Line 3,Day,Fabric,977,6
2023-01-25,Line 3,Day,Machine,977,3
2023-01-25,Line 3,Day,Stitching,977,3
2023-01-25,Line 3,Day,Operator,977,1
2023-01-25,Line 3,Night,Fabric,1028,13
2023-01-25,Line 3,Night,Machine,1028,5
2023-01-25,Line 3,Night,Stitching,1028,2
2023-01-25,Line 3,Night,Operator,1028,2
2023-01-25,Line 4,Day,Fabric,1126,17
2023-01-25,Line 4,Day,Machine,1126,15
2023-01-25,Line 4,Day,Stitching,1126,12
2023-01-25,Line 4,Day,Operator,1126,8
2023-01-25,Line 4,Night,Fabric,919,19
2023-01-25,Line 4,Night,Machine,919,9
2023-01-25,Line 4,Night,Stitching,919,12
2023-01-25,Line 4,Night,Operator,919,10
2023-01-25,Line 5,Day,Fabric,964,10
2023-01-25,Line 5,Day,Machine,964,4
2023-01-25,Line 5,Day,Stitching,964,1
2023-01-25,Line 5,Day,Operator,964,0
2023-01-25,Line 5,Night,Fabric,1009,9
2023-01-25,Line 5,Night,Machine,1009,7
2023-01-25,Line 5,Night,Stitching,1009,3
2023-01-25,Line 5,Night,Operator,1009,3
2023-01-25,Line 6,Day,Fabric,945,10
2023-01-25,Line 6,Day,Machine,945,3
2023-01-25,Line 6,Day,Stitching,945,2
2023-01-25,Line 6,Day,Operator,945,3
2023-01-25,Line 6,Night,Fabric,1135,9
2023-01-25,Line 6,Night,Machine,1135,7
2023-01-25,Line 6,Night,Stitching,1135,1
2023-01-25,Line 6,Night,Operator,1135,2
2023-01-25,Line 7,Day,Fabric,981,7
2023-01-25,Line 7,Day,Machine,981,3
2023-01-25,Line 7,Day,Stitching,981,1
2023-01-25,Line 7,Day,Operator,981,1
2023-01-25,Line 7,Night,Fabric,1143,10
2023-01-25,Line 7,Night,Machine,1143,6
2023-01-25,Line 7,Night,Stitching,1143,5
2023-01-25,Line 7,Night,Operator,1143,3
2023-01-25,Line 8,Day,Fabric,1127,9
2023-01-25,Line 8,Day,Machine,1127,2
2023-01-25,Line 8,Day,Stitching,1127,2
2023-01-25,Line 8,Day,Operator,1127,3
2023-01-25,Line 8,Night,Fabric,1034,14
2023-01-25,Line 8,Night,Machine,1034,4
2023-01-25,Line 8,Night,Stitching,1034,5
2023-01-25,Line 8,Night,Operator,1034,0
2023-01-26,Line 1,Day,Fabric,930,7
2023-01-26,Line 1,Day,Machine,930,4
2023-01-26,Line 1,Day,Stitching,930,1
2023-01-26,Line 1,Day,Operator,930,3
2023-01-26,Line 1,Night,Fabric,1016,9
2023-01-26,Line 1,Night,Machine,1016,5
2023-01-26,Line 1,Night,Stitching,1016,2
2023-01-26,Line 1,Night,Operator,1016,2
2023-01-26,Line 2,Day,Fabric,930,8
2023-01-26,Line 2,Day,Machine,930,6
2023-01-26,Line 2,Day,Stitching,930,1
2023-01-26,Line 2,Day,Operator,930,3
2023-01-26,Line 2,Night,Fabric,1029,8
2023-01-26,Line 2,Night,Machine,1029,6
2023-01-26,Line 2,Night,Stitching,1029,4
2023-01-26,Line 2,Night,Operator,1029,3
2023-01-26,Line 3,Day,Fabric,1013,13
2023-01-26,Line 3,Day,Machine,1013,4
2023-01-26,Line 3,Day,Stitching,1013,1
2023-01-26,Line 3,Day,Operator,1013,0
2023-01-26,Line 3,Night,Fabric,974,8
2023-01-26,Line 3,Night,Machine,974,7
2023-01-26,Line 3,Night,Stitching,974,2
2023-01-26,Line 3,Night,Operator,974,1
2023-01-26,Line 4,Day,Fabric,1135,14
2023-01-26,Line 4,Day,Machine,1135,8
2023-01-26,Line 4,Day,Stitching,1135,12
2023-01-26,Line 4,Day,Operator,1135,5
2023-01-26,Line 4,Night,Fabric,929,20
2023-01-26,Line 4,Night,Machine,929,12
2023-01-26,Line 4,Night,Stitching,929,11
2023-01-26,Line 4,Night,Operator,929,10
2023-01-26,Line 5,Day,Fabric,1041,11
2023-01-26,Line 5,Day,Machine,1041,2
2023-01-26,Line 5,Day,Stitching,1041,1
2023-01-26,Line 5,Day,Operator,1041,2
2023-01-26,Line 5,Night,Fabric,926,13
2023-01-26,Line 5,Night,Machine,926,7
2023-01-26,Line 5,Night,Stitching,926,5
2023-01-26,Line 5,Night,Operator,926,3
2023-01-26,Line 6,Day,Fabric,1164,13
2023-01-26,Line 6,Day,Machine,1164,3
2023-01-26,Line 6,Day,Stitching,1164,1
2023-01-26,Line 6,Day,Operator,1164,0
2023-01-26,Line 6,Night,Fabric,921,5
2023-01-26,Line 6,Night,Machine,921,7
2023-01-26,Line 6,Night,Stitching,921,3
2023-01-26,Line 6,Night,Operator,921,2
2023-01-26,Line 7,Day,Fabric,1053,8
2023-01-26,Line 7,Day,Machine,1053,2
2023-01-26,Line 7,Day,Stitching,1053,1
2023-01-26,Line 7,Day,Operator,1053,1
2023-01-26,Line 7,Night,Fabric,952,12
2023-01-26,Line 7,Night,Machine,952,4
2023-01-26,Line 7,Night,Stitching,952,1
2023-01-26,Line 7,Night,Operator,952,1
2023-01-26,Line 8,Day,Fabric,964,10
2023-01-26,Line 8,Day,Machine,964,3
2023-01-26,Line 8,Day,Stitching,964,2
2023-01-26,Line 8,Day,Operator,964,0
2023-01-26,Line 8,Night,Fabric,1080,5
2023-01-26,Line 8,Night,Machine,1080,5
2023-01-26,Line 8,Night,Stitching,1080,2
2023-01-26,Line 8,Night,Operator,1080,0
2023-01-27,Line 1,Day,Fabric,944,6
2023-01-27,Line 1,Day,Machine,944,4
2023-01-27,Line 1,Day,Stitching,944,1
2023-01-27,Line 1,Day,Operator,944,1
2023-01-27,Line 1,Night,Fabric,1099,10
2023-01-27,Line 1,Night,Machine,1099,4
2023-01-27,Line 1,Night,Stitching,1099,3
2023-01-27,Line 1,Night,Operator,1099,1
2023-01-27,Line 2,Day,Fabric,1157,12
2023-01-27,Line 2,Day,Machine,1157,6
2023-01-27,Line 2,Day,Stitching,1157,3
2023-01-27,Line 2,Day,Operator,1157,3
2023-01-27,Line 2,Night,Fabric,1009,8
2023-01-27,Line 2,Night,Machine,1009,7
2023-01-27,Line 2,Night,Stitching,1009,5
2023-01-27,Line 2,Night,Operator,1009,2
2023-01-27,Line 3,Day,Fabric,1097,7
2023-01-27,Line 3,Day,Machine,1097,6
2023-01-27,Line 3,Day,Stitching,1097,4
2023-01-27,Line 3,Day,Operator,1097,1
2023-01-27,Line 3,Night,Fabric,1047,12
2023-01-27,Line 3,Night,Machine,1047,5
2023-01-27,Line 3,Night,Stitching,1047,3
2023-01-27,Line 3,Night,Operator,1047,0
2023-01-27,Line 4,Day,Fabric,1163,10
2023-01-27,Line 4,Day,Machine,1163,11
2023-01-27,Line 4,Day,Stitching,1163,4
2023-01-27,Line 4,Day,Operator,1163,3
2023-01-27,Line 4,Night,Fabric,1005,12
2023-01-27,Line 4,Night,Machine,1005,14
2023-01-27,Line 4,Night,Stitching,1005,11
2023-01-27,Line 4,Night,Operator,1005,11
2023-01-27,Line 5,Day,Fabric,1124,7
2023-01-27,Line 5,Day,Machine,1124,3
2023-01-27,Line 5,Day,Stitching,1124,5
2023-01-27,Line 5,Day,Operator,1124,1
2023-01-27,Line 5,Night,Fabric,1037,14
2023-01-27,Line 5,Night,Machine,1037,3
2023-01-27,Line 5,Night,Stitching,1037,5
2023-01-27,Line 5,Night,Operator,1037,0
2023-01-27,Line 6,Day,Fabric,1060,11
2023-01-27,Line 6,Day,Machine,1060,4
2023-01-27,Line 6,Day,Stitching,1060,4
2023-01-27,Line 6,Day,Operator,1060,2
2023-01-27,Line 6,Night,Fabric,910,6
2023-01-27,Line 6,Night,Machine,910,5
2023-01-27,Line 6,Night,Stitching,910,1
2023-01-27,Line 6,Night,Operator,910,1
2023-01-27,Line 7,Day,Fabric,1181,12
2023-01-27,Line 7,Day,Machine,1181,6
2023-01-27,Line 7,Day,Stitching,1181,4
2023-01-27,Line 7,Day,Operator,1181,1
2023-01-27,Line 7,Night,Fabric,1182,13
2023-01-27,Line 7,Night,Machine,1182,5
2023-01-27,Line 7,Night,Stitching,1182,1
2023-01-27,Line 7,Night,Operator,1182,1
2023-01-27,Line 8,Day,Fabric,1043,5
2023-01-27,Line 8,Day,Machine,1043,6
2023-01-27,Line 8,Day,Stitching,1043,2
2023-01-27,Line 8,Day,Operator,1043,1
2023-01-27,Line 8,Night,Fabric,920,11
2023-01-27,Line 8,Night,Machine,920,2
2023-01-27,Line 8,Night,Stitching,920,2
2023-01-27,Line 8,Night,Operator,920,0
2023-01-28,Line 1,Day,Fabric,1199,13
2023-01-28,Line 1,Day,Machine,1199,7
2023-01-28,Line 1,Day,Stitching,1199,1
2023-01-28,Line 1,Day,Operator,1199,1
2023-01-28,Line 1,Night,Fabric,1168,7
2023-01-28,Line 1,Night,Machine,1168,3
2023-01-28,Line 1,Night,Stitching,1168,4
2023-01-28,Line 1,Night,Operator,1168,2
2023-01-28,Line 2,Day,Fabric,1008,12
2023-01-28,Line 2,Day,Machine,1008,3
2023-01-28,Line 2,Day,Stitching,1008,2
2023-01-28,Line 2,Day,Operator,1008,3
2023-01-28,Line 2,Night,Fabric,973,9
2023-01-28,Line 2,Night,Machine,973,2
2023-01-28,Line 2,Night,Stitching,973,1
2023-01-28,Line 2,Night,Operator,973,1
2023-01-28,Line 3,Day,Fabric,1190,8
2023-01-28,Line 3,Day,Machine,1190,4
2023-01-28,Line 3,Day,Stitching,1190,3
2023-01-28,Line 3,Day,Operator,1190,2
2023-01-28,Line 3,Night,Fabric,1025,11
2023-01-28,Line 3,Night,Machine,1025,2
2023-01-28,Line 3,Night,Stitching,1025,1
2023-01-28,Line 3,Night,Operator,1025,2
2023-01-28,Line 4,Day,Fabric,1011,10
2023-01-28,Line 4,Day,Machine,1011,7
2023-01-28,Line 4,Day,Stitching,1011,5
2023-01-28,Line 4,Day,Operator,1011,6
2023-01-28,Line 4,Night,Fabric,1015,9
2023-01-28,Line 4,Night,Machine,1015,6
2023-01-28,Line 4,Night,Stitching,1015,13
2023-01-28,Line 4,Night,Operator,1015,5
2023-01-28,Line 5,Day,Fabric,1165,7
2023-01-28,Line 5,Day,Machine,1165,3
2023-01-28,Line 5,Day,Stitching,1165,5
2023-01-28,Line 5,Day,Operator,1165,2
2023-01-28,Line 5,Night,Fabric,1078,10
2023-01-28,Line 5,Night,Machine,1078,2
2023-01-28,Line 5,Night,Stitching,1078,3
2023-01-28,Line 5,Night,Operator,1078,3
2023-01-28,Line 6,Day,Fabric,992,13
2023-01-28,Line 6,Day,Machine,992,3
2023-01-28,Line 6,Day,Stitching,992,4
2023-01-28,Line 6,Day,Operator,992,1
2023-01-28,Line 6,Night,Fabric,1114,6
2023-01-28,Line 6,Night,Machine,1114,7
2023-01-28,Line 6,Night,Stitching,1114,3
2023-01-28,Line 6,Night,Operator,1114,0
2023-01-28,Line 7,Day,Fabric,1017,14
2023-01-28,Line 7,Day,Machine,1017,4
2023-01-28,Line 7,Day,Stitching,1017,3
2023-01-28,Line 7,Day,Operator,1017,2
2023-01-28,Line 7,Night,Fabric,1186,12
2023-01-28,Line 7,Night,Machine,1186,7
2023-01-28,Line 7,Night,Stitching,1186,2
2023-01-28,Line 7,Night,Operator,1186,3
2023-01-28,Line 8,Day,Fabric,1129,12
2023-01-28,Line 8,Day,Machine,1129,3
2023-01-28,Line 8,Day,Stitching,1129,3
2023-01-28,Line 8,Day,Operator,1129,0
2023-01-28,Line 8,Night,Fabric,1089,13
2023-01-28,Line 8,Night,Machine,1089,4
2023-01-28,Line 8,Night,Stitching,1089,4
2023-01-28,Line 8,Night,Operator,1089,3
2023-01-30,Line 1,Day,Fabric,1080,14
2023-01-30,Line 1,Day,Machine,1080,3
2023-01-30,Line 1,Day,Stitching,1080,4
2023-01-30,Line 1,Day,Operator,1080,1
2023-01-30,Line 1,Night,Fabric,955,9
2023-01-30,Line 1,Night,Machine,955,7
2023-01-30,Line 1,Night,Stitching,955,2
2023-01-30,Line 1,Night,Operator,955,0
2023-01-30,Line 2,Day,Fabric,956,14
2023-01-30,Line 2,Day,Machine,956,2
2023-01-30,Line 2,Day,Stitching,956,4
2023-01-30,Line 2,Day,Operator,956,2
2023-01-30,Line 2,Night,Fabric,1070,11
2023-01-30,Line 2,Night,Machine,1070,2
2023-01-30,Line 2,Night,Stitching,1070,1
2023-01-30,Line 2,Night,Operator,1070,2
2023-01-30,Line 3,Day,Fabric,995,14
2023-01-30,Line 3,Day,Machine,995,4
2023-01-30,Line 3,Day,Stitching,995,5
2023-01-30,Line 3,Day,Operator,995,2
2023-01-30,Line 3,Night,Fabric,981,13
2023-01-30,Line 3,Night,Machine,981,5
2023-01-30,Line 3,Night,Stitching,981,2
2023-01-30,Line 3,Night,Operator,981,0
2023-01-30,Line 4,Day,Fabric,941,20
2023-01-30,Line 4,Day,Machine,941,12
2023-01-30,Line 4,Day,Stitching,941,6
2023-01-30,Line 4,Day,Operator,941,11
2023-01-30,Line 4,Night,Fabric,1034,20
2023-01-30,Line 4,Night,Machine,1034,10
2023-01-30,Line 4,Night,Stitching,1034,13
2023-01-30,Line 4,Night,Operator,1034,5
2023-01-30,Line 5,Day,Fabric,1110,9
2023-01-30,Line 5,Day,Machine,1110,2
2023-01-30,Line 5,Day,Stitching,1110,5
2023-01-30,Line 5,Day,Operator,1110,1
2023-01-30,Line 5,Night,Fabric,929,10
2023-01-30,Line 5,Night,Machine,929,5
2023-01-30,Line 5,Night,Stitching,929,3
2023-01-30,Line 5,Night,Operator,929,3
2023-01-30,Line 6,Day,Fabric,945,7
2023-01-30,Line 6,Day,Machine,945,7
2023-01-30,Line 6,Day,Stitching,945,4
2023-01-30,Line 6,Day,Operator,945,3
2023-01-30,Line 6,Night,Fabric,979,11
2023-01-30,Line 6,Night,Machine,979,6
2023-01-30,Line 6,Night,Stitching,979,2
2023-01-30,Line 6,Night,Operator,979,3
2023-01-30,Line 7,Day,Fabric,964,12
2023-01-30,Line 7,Day,Machine,964,4
2023-01-30,Line 7,Day,Stitching,964,2
2023-01-30,Line 7,Day,Operator,964,1
2023-01-30,Line 7,Night,Fabric,1002,11
2023-01-30,Line 7,Night,Machine,1002,5
2023-01-30,Line 7,Night,Stitching,1002,1
2023-01-30,Line 7,Night,Operator,1002,2
2023-01-30,Line 8,Day,Fabric,1030,7
2023-01-30,Line 8,Day,Machine,1030,7
2023-01-30,Line 8,Day,Stitching,1030,3
2023-01-30,Line 8,Day,Operator,1030,2
2023-01-30,Line 8,Night,Fabric,1072,14
2023-01-30,Line 8,Night,Machine,1072,3
2023-01-30,Line 8,Night,Stitching,1072,1
2023-01-30,Line 8,Night,Operator,1072,3
2023-01-31,Line 1,Day,Fabric,1123,9
2023-01-31,Line 1,Day,Machine,1123,6
2023-01-31,Line 1,Day,Stitching,1123,2
2023-01-31,Line 1,Day,Operator,1123,3
2023-01-31,Line 1,Night,Fabric,1095,12
2023-01-31,Line 1,Night,Machine,1095,5
2023-01-31,Line 1,Night,Stitching,1095,4
2023-01-31,Line 1,Night,Operator,1095,2
2023-01-31,Line 2,Day,Fabric,1103,5
2023-01-31,Line 2,Day,Machine,1103,6
2023-01-31,Line 2,Day,Stitching,1103,4
2023-01-31,Line 2,Day,Operator,1103,2
2023-01-31,Line 2,Night,Fabric,1151,9
2023-01-31,Line 2,Night,Machine,1151,2
2023-01-31,Line 2,Night,Stitching,1151,4
2023-01-31,Line 2,Night,Operator,1151,3
2023-01-31,Line 3,Day,Fabric,924,8
2023-01-31,Line 3,Day,Machine,924,6
2023-01-31,Line 3,Day,Stitching,924,3
2023-01-31,Line 3,Day,Operator,924,1
2023-01-31,Line 3,Night,Fabric,970,14
2023-01-31,Line 3,Night,Machine,970,7
2023-01-31,Line 3,Night,Stitching,970,4
2023-01-31,Line 3,Night,Operator,970,1
2023-01-31,Line 4,Day,Fabric,1107,10
2023-01-31,Line 4,Day,Machine,1107,9
2023-01-31,Line 4,Day,Stitching,1107,5
2023-01-31,Line 4,Day,Operator,1107,8
2023-01-31,Line 4,Night,Fabric,1148,20
2023-01-31,Line 4,Night,Machine,1148,13
2023-01-31,Line 4,Night,Stitching,1148,9
2023-01-31,Line 4,Night,Operator,1148,11
2023-01-31,Line 5,Day,Fabric,973,7
2023-01-31,Line 5,Day,Machine,973,5
2023-01-31,Line 5,Day,Stitching,973,4
2023-01-31,Line 5,Day,Operator,973,0
2023-01-31,Line 5,Night,Fabric,1147,9
2023-01-31,Line 5,Night,Machine,1147,7
2023-01-31,Line 5,Night,Stitching,1147,5
2023-01-31,Line 5,Night,Operator,1147,0
2023-01-31,Line 6,Day,Fabric,991,9
2023-01-31,Line 6,Day,Machine,991,5
2023-01-31,Line 6,Day,Stitching,991,5
2023-01-31,Line 6,Day,Operator,991,1
2023-01-31,Line 6,Night,Fabric,904,8
2023-01-31,Line 6,Night,Machine,904,7
2023-01-31,Line 6,Night,Stitching,904,4
2023-01-31,Line 6,Night,Operator,904,3
2023-01-31,Line 7,Day,Fabric,1164,8
2023-01-31,Line 7,Day,Machine,1164,7
2023-01-31,Line 7,Day,Stitching,1164,2
2023-01-31,Line 7,Day,Operator,1164,0
2023-01-31,Line 7,Night,Fabric,982,14
2023-01-31,Line 7,Night,Machine,982,4
2023-01-31,Line 7,Night,Stitching,982,1
2023-01-31,Line 7,Night,Operator,982,3
2023-01-31,Line 8,Day,Fabric,1091,6
2023-01-31,Line 8,Day,Machine,1091,3
2023-01-31,Line 8,Day,Stitching,1091,5
2023-01-31,Line 8,Day,Operator,1091,1
2023-01-31,Line 8,Night,Fabric,1097,5
2023-01-31,Line 8,Night,Machine,1097,7
2023-01-31,Line 8,Night,Stitching,1097,5
2023-01-31,Line 8,Night,Operator,1097,0
